[
    {
        "id": 1753434,
        "userID": 792123,
        "state": "active",
        "lat": 25.053822,
        "long": 55.212933,
        "purpose": "for-rent",
        "price": 7700.0,
        "title": "Big offer !!! . . Amazing and cosy 1 Bedroom big apartment with Wi-Fi in the heart of Jumeirah Village Circle, Dubai.",
        "rooms": 1,
        "baths": 2,
        "area": 91.69530048,
        "photoUrl": "https://bayut-production.s3.eu-central-1.amazonaws.com/image/170790211/7f71a54661bf4a389ccd3e38c766c5d6",
        "contact_name": "Ahsan Zain Eddin"
    },
    {
        "id": 2911964,
        "userID": 792123,
        "state": "active",
        "lat": 25.062218,
        "long": 55.217732,
        "purpose": "for-rent",
        "price": 7500.0,
        "title": "AMAZING UPGRADED 1BHK FOR MONTHLY BASIS INCLUDING ALL BILLS - NO COMMISSION",
        "rooms": 1,
        "baths": 1,
        "area": 67.8192192,
        "photoUrl": "https://bayut-production.s3.eu-central-1.amazonaws.com/image/179558505/00382359380f47efbf4d68c3ae91854c",
        "contact_name": "Ahsan Zain Eddin"
    },
    {
        "id": 2408217,
        "userID": 1176444,
        "state": "active",
        "lat": 25.053231,
        "long": 55.209778,
        "purpose": "for-rent",
        "price": 5200.0,
        "title": "Brand New | Spacious 1br | Hot Deal | With Balcony",
        "rooms": 1,
        "baths": 2,
        "area": 90.11594880000001,
        "photoUrl": "https://bayut-production.s3.eu-central-1.amazonaws.com/image/170063902/86176551087d4f61ae454f0d8ccd0c3d",
        "contact_name": "Mourad"
    },
    {
        "id": 2212381,
        "userID": 804554,
        "state": "active",
        "lat": 25.050708,
        "long": 55.213872,
        "purpose": "for-rent",
        "price": 7900.0,
        "title": "HOT DEAL/LUXURIOUS 1BED ROOM APARTMENT/FULLY FURNISHED/INTERNET TV/BALCONY",
        "rooms": 1,
        "baths": 2,
        "area": 92.81013696000001,
        "photoUrl": "https://bayut-production.s3.eu-central-1.amazonaws.com/image/180245179/262dac16806b47b6989a42a689a22552",
        "contact_name": "Rania Mrassi"
    },
    {
        "id": 2777452,
        "userID": 1090133,
        "state": "active",
        "lat": 25.036558,
        "long": 55.220825,
        "purpose": "for-rent",
        "price": 4500.0,
        "title": "BEAUITFUL STUDIO APARTMENT IN SPORT CITY",
        "rooms": 0,
        "baths": 1,
        "area": 39.20508288,
        "photoUrl": "https://bayut-production.s3.eu-central-1.amazonaws.com/image/181291054/459388e809414fffb9288f2669791992",
        "contact_name": "Shahzad Gulfam"
    },
    {
        "id": 2954821,
        "userID": 697845,
        "state": "active",
        "lat": 25.193638,
        "long": 55.279085,
        "purpose": "for-rent",
        "price": 50000.0,
        "title": "TWO BEDROOM SPACIOUS APARTMENT IN ADDRESS DOWNTOWN",
        "rooms": 2,
        "baths": 3,
        "area": 171.68481792,
        "photoUrl": "https://bayut-production.s3.eu-central-1.amazonaws.com/image/183545387/7a5d077081d34c428f0ecbf064b85d53",
        "contact_name": "Tatsiana"
    },
    {
        "id": 2640648,
        "userID": 1035142,
        "state": "active",
        "lat": 25.213721,
        "long": 55.319042,
        "purpose": "for-rent",
        "price": 11000.0,
        "title": "Stylish 1 bed in Al Jaddaf - 8 min to Downtown",
        "rooms": 1,
        "baths": 2,
        "area": 68.74824960000001,
        "photoUrl": "https://bayut-production.s3.eu-central-1.amazonaws.com/image/170600380/8e091298fea34dfa8dc0e29683f5b4be",
        "contact_name": "Timur"
    },
    {
        "id": 2547026,
        "userID": 792123,
        "state": "active",
        "lat": 25.062218,
        "long": 55.217732,
        "purpose": "for-rent",
        "price": 7500.0,
        "title": "AS A FIRST GUEST  BOOK THE LUXURY FULLY FURNISHED BRAND NEW 1BHK IN JVC",
        "rooms": 1,
        "baths": 1,
        "area": 67.72631616000001,
        "photoUrl": "https://bayut-production.s3.eu-central-1.amazonaws.com/image/170789617/123d0c65b9e04ba7a7cb9e7565cf4864",
        "contact_name": "Ahsan Zain Eddin"
    },
    {
        "id": 2949486,
        "userID": 697842,
        "state": "active",
        "lat": 25.05147,
        "long": 55.207718,
        "purpose": "for-rent",
        "price": 8000.0,
        "title": "FULLY FURNISHED TWO BEDROOM APARTMENT IN PANTHEON ELYSEE",
        "rooms": 2,
        "baths": 2,
        "area": 72.09275904,
        "photoUrl": "https://bayut-production.s3.eu-central-1.amazonaws.com/image/182658356/fadb84fa4b1446e19e2ce9811e70c543",
        "contact_name": "Negar"
    },
    {
        "id": 2949645,
        "userID": 1090140,
        "state": "active",
        "lat": 25.179787,
        "long": 55.269153,
        "purpose": "for-rent",
        "price": 6999.0,
        "title": "BRAND NEW FULLY FURNISHED STUDIO IN AG TOWER",
        "rooms": 0,
        "baths": 1,
        "area": 52.67602368,
        "photoUrl": "https://bayut-production.s3.eu-central-1.amazonaws.com/image/182679014/41846f1803ea438cb79aef5a6ad1ff91",
        "contact_name": "Ahmed"
    },
    {
        "id": 2930731,
        "userID": 1113968,
        "state": "active",
        "lat": 25.193282071462,
        "long": 55.281022489071,
        "purpose": "for-rent",
        "price": 19800.0,
        "title": "Quiet, Clean and Peaceful | One BDR  | Downtown",
        "rooms": 1,
        "baths": 2,
        "area": 91.41659136000001,
        "photoUrl": "https://bayut-production.s3.eu-central-1.amazonaws.com/image/183473738/49d649c423a7495ab4ec142b46dfff83",
        "contact_name": "Westminster Holiday Homes Rental L. L. C"
    },
    {
        "id": 2930321,
        "userID": 1171362,
        "state": "active",
        "lat": 25.078374,
        "long": 55.137878,
        "purpose": "for-rent",
        "price": 13450.0,
        "title": "\u272aBeautiful 1 Bed Apt \u272aBayCentral/Pool/Gym/Parking\u272a",
        "rooms": 1,
        "baths": 1,
        "area": 60.386976,
        "photoUrl": "https://bayut-production.s3.eu-central-1.amazonaws.com/image/182157274/ded6d3815dee439a852e007e79667600",
        "contact_name": "Luke International Rental Homes"
    },
    {
        "id": 2948229,
        "userID": 1171362,
        "state": "active",
        "lat": 25.127035,
        "long": 55.153242,
        "purpose": "for-rent",
        "price": 16000.0,
        "title": "\u272aLovely 1 Bed Apt\u272aPool \u272aFast WiFi\u272a Parking\u272a",
        "rooms": 1,
        "baths": 1,
        "area": 87.97917888,
        "photoUrl": "https://bayut-production.s3.eu-central-1.amazonaws.com/image/183243708/c014d045d18c4e64b4c6e3fc2091e773",
        "contact_name": "Luke International Rental Homes"
    },
    {
        "id": 2442006,
        "userID": 1176444,
        "state": "active",
        "lat": 25.053231,
        "long": 55.209778,
        "purpose": "for-rent",
        "price": 4200.0,
        "title": "BEAUTIFUL STUDIO APARTMENT IN PARC CITE,JVC",
        "rooms": 0,
        "baths": 1,
        "area": 45.5224896,
        "photoUrl": "https://bayut-production.s3.eu-central-1.amazonaws.com/image/187063640/8d6792d49491425083b64bc16e764c19",
        "contact_name": "Mourad"
    },
    {
        "id": 2872931,
        "userID": 1090133,
        "state": "active",
        "lat": 25.052848,
        "long": 55.206056,
        "purpose": "for-rent",
        "price": 4299.0,
        "title": "SPACIOUS STUDIO APARTMENT IN AL ZAIN, JVC",
        "rooms": 0,
        "baths": 1,
        "area": 46.45152,
        "photoUrl": "https://bayut-production.s3.eu-central-1.amazonaws.com/image/176011177/f17b5605d5a549c19547e3a54dca3e0c",
        "contact_name": "Shahzad Gulfam"
    },
    {
        "id": 2904549,
        "userID": 1161692,
        "state": "active",
        "lat": 25.179952,
        "long": 55.265432,
        "purpose": "for-rent",
        "price": 10999.0,
        "title": "BRAND NEW TWO BED ROOM SPACIOUS APARTMENT IN ELITE",
        "rooms": 2,
        "baths": 2,
        "area": 124.76878272,
        "photoUrl": "https://bayut-production.s3.eu-central-1.amazonaws.com/image/179210170/4e0e6f5e032a428796fad0c5ddcc740a",
        "contact_name": "AMAL"
    },
    {
        "id": 1641992,
        "userID": 792123,
        "state": "active",
        "lat": 25.052817,
        "long": 55.20771,
        "purpose": "for-rent",
        "price": 5398.0,
        "title": "Offer  you cant Resist FOR IMMEDIATE BOOKING ! Fully Furnished Studio in JVC , Free Wi-Fi",
        "rooms": 0,
        "baths": 1,
        "area": 36.60379776,
        "photoUrl": "https://bayut-production.s3.eu-central-1.amazonaws.com/image/170789650/f36d3675a44d458691fff01f8bbf7a81",
        "contact_name": "Ahsan Zain Eddin"
    },
    {
        "id": 2424083,
        "userID": 1090133,
        "state": "active",
        "lat": 25.052897264715,
        "long": 55.206069483224,
        "purpose": "for-rent",
        "price": 7999.0,
        "title": "LUXURIOUS FULLY FURNISHED 2 BEDROOM APARTMENT AT AL ZUBAIDI RESIDENCE",
        "rooms": 2,
        "baths": 3,
        "area": 116.1288,
        "photoUrl": "https://bayut-production.s3.eu-central-1.amazonaws.com/image/170063105/76477a40bb2a4350ac8d8beecce51543",
        "contact_name": "Shahzad Gulfam"
    },
    {
        "id": 2749140,
        "userID": 697845,
        "state": "active",
        "lat": 25.201816,
        "long": 55.270863,
        "purpose": "for-rent",
        "price": 40000.0,
        "title": "TWO BEDROOM APARTMENT W/ SEA VIEW IN SKY VIEW",
        "rooms": 2,
        "baths": 3,
        "area": 143.34939072,
        "photoUrl": "https://bayut-production.s3.eu-central-1.amazonaws.com/image/170062715/4f5c7cc96d934ebb83de7edf8b6f2b01",
        "contact_name": "Tatsiana"
    },
    {
        "id": 1648013,
        "userID": 792123,
        "state": "active",
        "lat": 25.062218,
        "long": 55.217732,
        "purpose": "for-rent",
        "price": 6350.0,
        "title": "ATTRACTIVE OCT OFFER- Stunning Fully Furnished Studio in JVC With free WI-FI",
        "rooms": 0,
        "baths": 1,
        "area": 49.7031264,
        "photoUrl": "https://bayut-production.s3.eu-central-1.amazonaws.com/image/170789792/04d041ee635446339082a9814cbba59e",
        "contact_name": "Ahsan Zain Eddin"
    },
    {
        "id": 2214408,
        "userID": 713291,
        "state": "active",
        "lat": 25.050708,
        "long": 55.213872,
        "purpose": "for-rent",
        "price": 7900.0,
        "title": "Amazing 1 BR/ Fully Furnished/Balcony/WI-FI",
        "rooms": 1,
        "baths": 2,
        "area": 92.81013696000001,
        "photoUrl": "https://bayut-production.s3.eu-central-1.amazonaws.com/image/170860316/995456ef37fd420c87c208eaa5a7205f",
        "contact_name": "Rami"
    },
    {
        "id": 2776211,
        "userID": 1135377,
        "state": "active",
        "lat": 25.200943,
        "long": 55.280921,
        "purpose": "for-rent",
        "price": 24999.0,
        "title": "Stunning Two Bedroom Flat with Direct Access To Dubai Mall",
        "rooms": 2,
        "baths": 3,
        "area": 121.98169152,
        "photoUrl": "https://bayut-production.s3.eu-central-1.amazonaws.com/image/170466184/9df0045c05b6437197c48ca3ecce9c5e",
        "contact_name": "Sahar Al Soussi"
    },
    {
        "id": 2773280,
        "userID": 944085,
        "state": "active",
        "lat": 25.098594,
        "long": 55.121129,
        "purpose": "for-rent",
        "price": 285000.0,
        "title": "All Bills Included | Luxury Villa | Brand New Furnishings",
        "rooms": 5,
        "baths": 5,
        "area": 612.6955488000001,
        "photoUrl": "https://bayut-production.s3.eu-central-1.amazonaws.com/image/170738031/ba718a8615d44eedb00c6061045ff1f4",
        "contact_name": "Cheryl Jean Vaughn"
    },
    {
        "id": 2693442,
        "userID": 841590,
        "state": "active",
        "lat": 25.027453,
        "long": 55.155238,
        "purpose": "for-rent",
        "price": 6500.0,
        "title": "Furnished Apartment with Pool View | near Metro",
        "rooms": 1,
        "baths": 1,
        "area": 79.8966144,
        "photoUrl": "https://bayut-production.s3.eu-central-1.amazonaws.com/image/173824676/b2f59677347c4c3a857425e7bf9a4824",
        "contact_name": "Joan Pascua"
    },
    {
        "id": 2997193,
        "userID": 992908,
        "state": "active",
        "lat": 25.072621365655,
        "long": 55.127983689308,
        "purpose": "for-rent",
        "price": 22000.0,
        "title": "Private Beach Access | Brand New Furnishings | Bills Included",
        "rooms": 2,
        "baths": 3,
        "area": 149.5738944,
        "photoUrl": "https://bayut-production.s3.eu-central-1.amazonaws.com/image/186998628/0896ec5153b747218653e09a47c46272",
        "contact_name": "Matthew Morio"
    }
]