[
    {
        "id": 2849351,
        "userID": 1110245,
        "state": "active",
        "lat": 25.040412,
        "long": 55.223207,
        "purpose": "for-sale",
        "price": 699999.0,
        "title": "Modern Layout | High Floor | Vacant Unit",
        "rooms": 1,
        "baths": 2,
        "area": 73.20759552,
        "photoUrl": "https://bayut-production.s3.eu-central-1.amazonaws.com/image/173986195/39659c94cb8741629f78ba9226088b01",
        "contact_name": "Oyunsaikhan Batchuluun"
    },
    {
        "id": 2836087,
        "userID": 465647,
        "state": "active",
        "lat": 25.064122791021,
        "long": 55.191117525101,
        "purpose": "for-sale",
        "price": 3749000.0,
        "title": "Exclusive | Type 1E | Full Lake View | VOT",
        "rooms": 3,
        "baths": 2,
        "area": 281.68201728,
        "photoUrl": "https://bayut-production.s3.eu-central-1.amazonaws.com/image/172823103/171490255d8b4335b20edd7e371b3799",
        "contact_name": "Charlie Jasper"
    },
    {
        "id": 2985748,
        "userID": 338201,
        "state": "active",
        "lat": 25.044284,
        "long": 55.255489,
        "purpose": "for-sale",
        "price": 8100000.0,
        "title": "EXCLUSIVE / TYPE 13 HIGH END / UPGRADE GOLF COURSE",
        "rooms": 6,
        "baths": 8,
        "area": 485.8828992,
        "photoUrl": "https://bayut-production.s3.eu-central-1.amazonaws.com/image/185971791/c964dda64e6149ce9a60e9fac731d2d3",
        "contact_name": "Khalid Siddiqui"
    },
    {
        "id": 2977263,
        "userID": 1017531,
        "state": "active",
        "lat": 25.200813681385,
        "long": 55.276276767308,
        "purpose": "for-sale",
        "price": 2300000.0,
        "title": "Good ROI | Facing DIFC | Mid Unit | High Ceilings",
        "rooms": 1,
        "baths": 2,
        "area": 81.94048128,
        "photoUrl": "https://bayut-production.s3.eu-central-1.amazonaws.com/image/185282497/da3d80371cd04445bb19577280994975",
        "contact_name": "Eugen Marder"
    },
    {
        "id": 2983102,
        "userID": 947392,
        "state": "active",
        "lat": 25.19243,
        "long": 55.266105,
        "purpose": "for-sale",
        "price": 7000000.0,
        "title": "Rare 4 Bed Podium Villa | Study + Maids + Garage",
        "rooms": 4,
        "baths": 6,
        "area": 530.2905523200001,
        "photoUrl": "https://bayut-production.s3.eu-central-1.amazonaws.com/image/185709996/bfc3202dfe8144ffb5cb61b2dce96127",
        "contact_name": "Andrew Harris"
    },
    {
        "id": 2897355,
        "userID": 1041288,
        "state": "active",
        "lat": 25.091800689697,
        "long": 55.369400024414,
        "purpose": "for-sale",
        "price": 4249000.0,
        "title": "Vacant | Custom Single Row | Park Facing",
        "rooms": 5,
        "baths": 6,
        "area": 436.644288,
        "photoUrl": "https://bayut-production.s3.eu-central-1.amazonaws.com/image/178157929/47fa036d99d8428583ab4d87b4818d04",
        "contact_name": "Rehan Adil Shaikh Rahim"
    },
    {
        "id": 2987907,
        "userID": 850579,
        "state": "active",
        "lat": 25.083871,
        "long": 55.13879,
        "purpose": "for-sale",
        "price": 8000000.0,
        "title": "Full Sea View | Luxurious and Spacious | Rented",
        "rooms": 2,
        "baths": 3,
        "area": 206.05894272,
        "photoUrl": "https://bayut-production.s3.eu-central-1.amazonaws.com/image/186229528/c84a364f3c864361bea6973aea92de57",
        "contact_name": "Valentina  Zhangorazova"
    },
    {
        "id": 2606749,
        "userID": 678830,
        "state": "active",
        "lat": 25.063212,
        "long": 55.202992,
        "purpose": "for-sale",
        "price": 1850000.0,
        "title": "Genuine | Vacant | Well maintained | Spacious 4BR",
        "rooms": 4,
        "baths": 6,
        "area": 371.61216,
        "photoUrl": "https://bayut-production.s3.eu-central-1.amazonaws.com/image/169806300/97766195f8df49f18a8a1aab3c805527",
        "contact_name": "Ivona Solcic"
    },
    {
        "id": 2982013,
        "userID": 911721,
        "state": "active",
        "lat": 25.059468,
        "long": 55.289187,
        "purpose": "for-sale",
        "price": 2750000.0,
        "title": "Pristine | Type 3E | Private Pool | VOT",
        "rooms": 3,
        "baths": 3,
        "area": 226.31180544,
        "photoUrl": "https://bayut-production.s3.eu-central-1.amazonaws.com/image/185641814/7bc07db0f5bc4997b33372407e20d1dc",
        "contact_name": "Phillip Allsopp"
    },
    {
        "id": 2975720,
        "userID": 309113,
        "state": "active",
        "lat": 25.016668,
        "long": 55.204318,
        "purpose": "for-sale",
        "price": 9500000.0,
        "title": "Exclusive | Oakmont | Double Fairway View",
        "rooms": 5,
        "baths": 5,
        "area": 524.62346688,
        "photoUrl": "https://bayut-production.s3.eu-central-1.amazonaws.com/image/185061342/8225434a3d424826b5e46505613e7fc7",
        "contact_name": "Darren Murphy"
    },
    {
        "id": 2977823,
        "userID": 680207,
        "state": "active",
        "lat": 25.100372,
        "long": 55.317363,
        "purpose": "for-sale",
        "price": 7600000.0,
        "title": "Full Floor Penthouse | 4,219 sqft | 2 Bed",
        "rooms": 2,
        "baths": 3,
        "area": 391.95792576,
        "photoUrl": "https://bayut-production.s3.eu-central-1.amazonaws.com/image/185332259/2cafc534836d4209812f6d371cf847c3",
        "contact_name": "Mark Andersen"
    },
    {
        "id": 2980353,
        "userID": 1159921,
        "state": "active",
        "lat": 25.112082,
        "long": 55.12712,
        "purpose": "for-sale",
        "price": 25900000.0,
        "title": "Custom Built Villa | Smart Home | Marina View",
        "rooms": 5,
        "baths": 4,
        "area": 473.805504,
        "photoUrl": "https://bayut-production.s3.eu-central-1.amazonaws.com/image/186465934/eb5ec6e4877a4f5e873f8ec79907d80c",
        "contact_name": "Josh Bayliss"
    },
    {
        "id": 2978966,
        "userID": 323293,
        "state": "active",
        "lat": 25.059468,
        "long": 55.289187,
        "purpose": "for-sale",
        "price": 2595000.0,
        "title": "Exclusive | Lovely Type 3E | 3 bed + Study | VOT |",
        "rooms": 3,
        "baths": 3,
        "area": 226.31180544,
        "photoUrl": "https://bayut-production.s3.eu-central-1.amazonaws.com/image/185404073/aeb1e75f242e45059a45b6a2cf73693d",
        "contact_name": "Robert Rist"
    },
    {
        "id": 2979668,
        "userID": 932672,
        "state": "active",
        "lat": 24.9981061,
        "long": 55.16370639,
        "purpose": "for-sale",
        "price": 5750000.0,
        "title": "Fully Upgraded | Private Pool | South West Garden",
        "rooms": 5,
        "baths": 6,
        "area": 576.9278784,
        "photoUrl": "https://bayut-production.s3.eu-central-1.amazonaws.com/image/185451965/6369b10cc7b2418dab0e0fe69cf90daa",
        "contact_name": "Asim Sheikh"
    },
    {
        "id": 2958194,
        "userID": 1035073,
        "state": "active",
        "lat": 25.027453,
        "long": 55.155238,
        "purpose": "for-sale",
        "price": 750000.0,
        "title": "Vacant Apt | Close to Metro | High Floor",
        "rooms": 1,
        "baths": 2,
        "area": 78.967584,
        "photoUrl": "https://bayut-production.s3.eu-central-1.amazonaws.com/image/183523046/f4158d6e60f4414eba28df8589fd1135",
        "contact_name": "Muhammad  Khalil"
    },
    {
        "id": 2980298,
        "userID": 336095,
        "state": "active",
        "lat": 25.093464,
        "long": 55.168964,
        "purpose": "for-sale",
        "price": 1700000.0,
        "title": "Two Bedroom | Ground Floor | Courtyard",
        "rooms": 2,
        "baths": 2,
        "area": 188.03575296,
        "photoUrl": "https://bayut-production.s3.eu-central-1.amazonaws.com/image/185549478/4b7a0928359a42ff8267428ae83e9120",
        "contact_name": "Aaron Parkins"
    },
    {
        "id": 2972707,
        "userID": 1037655,
        "state": "active",
        "lat": 25.091045,
        "long": 55.173639,
        "purpose": "for-sale",
        "price": 1075000.0,
        "title": "Vacant | High Quality | Well-priced Unit",
        "rooms": 2,
        "baths": 2,
        "area": 99.4062528,
        "photoUrl": "https://bayut-production.s3.eu-central-1.amazonaws.com/image/184683411/bf2f63c1ff8346bbbab84688744e7379",
        "contact_name": "Alok Bhargava"
    },
    {
        "id": 2976932,
        "userID": 537639,
        "state": "active",
        "lat": 25.126462,
        "long": 55.263993,
        "purpose": "for-sale",
        "price": 25000000.0,
        "title": "Home Cinema | Smart home | Branded Finish",
        "rooms": 5,
        "baths": 5,
        "area": 1033.0818048,
        "photoUrl": "https://bayut-production.s3.eu-central-1.amazonaws.com/image/185421308/e0b1f81642a745d4823326afca6a813a",
        "contact_name": "Conor McElhinney"
    },
    {
        "id": 2985329,
        "userID": 382934,
        "state": "active",
        "lat": 25.034331823991,
        "long": 55.210558176041,
        "purpose": "for-sale",
        "price": 5950000.0,
        "title": "Largest C1 plot on the market | European Style",
        "rooms": 5,
        "baths": 5,
        "area": 402.64177536,
        "photoUrl": "https://bayut-production.s3.eu-central-1.amazonaws.com/image/185937785/17d8101c8d25492b976138a75ac7f211",
        "contact_name": "Peter Blenman"
    },
    {
        "id": 2962786,
        "userID": 1162180,
        "state": "active",
        "lat": 25.071367,
        "long": 55.124955,
        "purpose": "for-sale",
        "price": 2550000.0,
        "title": "Stunning Apt | Magnificent Full Sea View",
        "rooms": 2,
        "baths": 2,
        "area": 105.4449504,
        "photoUrl": "https://bayut-production.s3.eu-central-1.amazonaws.com/image/183885316/aaf43d7212f44013a117fd0c0f5440bd",
        "contact_name": "Margareta Popovici"
    },
    {
        "id": 2976997,
        "userID": 459839,
        "state": "active",
        "lat": 24.997113,
        "long": 55.16352,
        "purpose": "for-sale",
        "price": 3825000.0,
        "title": "Best Location | Well Maintained | Private",
        "rooms": 4,
        "baths": 3,
        "area": 403.84951488,
        "photoUrl": "https://bayut-production.s3.eu-central-1.amazonaws.com/image/185258937/d56eb958ebdc453b82d57f68cdc99d7c",
        "contact_name": "Ben Perry"
    },
    {
        "id": 2873453,
        "userID": 1062477,
        "state": "active",
        "lat": 25.052817,
        "long": 55.20771,
        "purpose": "for-sale",
        "price": 320000.0,
        "title": "Motivated Seller | Studio | Prime Location",
        "rooms": 0,
        "baths": 1,
        "area": 45.05797440000001,
        "photoUrl": "https://bayut-production.s3.eu-central-1.amazonaws.com/image/176060241/135fea267cee42439d3207769c68a472",
        "contact_name": "Deepika Rao"
    },
    {
        "id": 2972759,
        "userID": 1177743,
        "state": "active",
        "lat": 25.081199645996,
        "long": 55.351001739502,
        "purpose": "for-sale",
        "price": 4250000.0,
        "title": "Exclusive | Cordoba w unique garden | Top location",
        "rooms": 4,
        "baths": 4,
        "area": 455.2248960000001,
        "photoUrl": "https://bayut-production.s3.eu-central-1.amazonaws.com/image/184682514/5c46d8b6020647aba1b342a6809f2279",
        "contact_name": "Marina Chenevrel-Atzert"
    },
    {
        "id": 2876836,
        "userID": 1019010,
        "state": "active",
        "lat": 25.12314,
        "long": 55.136482,
        "purpose": "for-sale",
        "price": 18600000.0,
        "title": "Limited Offer | High Number| Great Deal| Vacant",
        "rooms": 4,
        "baths": 5,
        "area": 464.5152,
        "photoUrl": "https://bayut-production.s3.eu-central-1.amazonaws.com/image/176393150/eccd864e577147e4a331ee63681c90d3",
        "contact_name": "Maya Jaber"
    },
    {
        "id": 2959494,
        "userID": 1017531,
        "state": "active",
        "lat": 25.200813681385,
        "long": 55.276276767308,
        "purpose": "for-sale",
        "price": 4800000.0,
        "title": "Fully Furnished | Burj and Fountain View |Balcony",
        "rooms": 2,
        "baths": 3,
        "area": 162.58032,
        "photoUrl": "https://bayut-production.s3.eu-central-1.amazonaws.com/image/183615390/901b83bde9ed43639c3b4c2ff1f5d4cc",
        "contact_name": "Eugen Marder"
    }
]